Date/Time,Unit,Value
 5:46:00 PM,C,21.5
 10:01:00 PM,C,21.5
 2:16:00 AM,C,21.5
 6:31:00 AM,C,21.5
 10:46:00 AM,C,36.5
 3:01:00 PM,C,29.5
 7:16:00 PM,C,28.5
 11:31:00 PM,C,18.0
 3:46:00 AM,C,13.5
 8:01:00 AM,C,11.0
 12:16:00 PM,C,24.0
 4:31:00 PM,C,16.5
 8:46:00 PM,C,8.5
 1:01:00 AM,C,10.5
 5:16:00 AM,C,9.0
 9:31:00 AM,C,12.0
 1:46:00 PM,C,13.5
 6:01:00 PM,C,11.5
 10:16:00 PM,C,7.5
 2:31:00 AM,C,5.5
 6:46:00 AM,C,2.5
 11:01:00 AM,C,21.0
 3:16:00 PM,C,17.5
 7:31:00 PM,C,11.0
 11:46:00 PM,C,5.0
 4:01:00 AM,C,5.0
 8:16:00 AM,C,13.0
 12:31:00 PM,C,29.5
 4:46:00 PM,C,22.0
 9:01:00 PM,C,10.0
 1:16:00 AM,C,6.5
 5:31:00 AM,C,5.5
 9:46:00 AM,C,16.5
 2:01:00 PM,C,28.0
 6:16:00 PM,C,19.5
 10:31:00 PM,C,10.0
 2:46:00 AM,C,7.5
 7:01:00 AM,C,7.5
 11:16:00 AM,C,29.5
 3:31:00 PM,C,23.0
 7:46:00 PM,C,16.0
 12:01:00 AM,C,8.0
 4:16:00 AM,C,6.0
 8:31:00 AM,C,13.0
 12:46:00 PM,C,34.0
 5:01:00 PM,C,25.0
 9:16:00 PM,C,11.0
 1:31:00 AM,C,7.5
 5:46:00 AM,C,6.0
 10:01:00 AM,C,19.0
 2:16:00 PM,C,28.5
 6:31:00 PM,C,19.5
 10:46:00 PM,C,10.0
 3:01:00 AM,C,7.0
 7:16:00 AM,C,8.5
 11:31:00 AM,C,33.0
 3:46:00 PM,C,29.5
 8:01:00 PM,C,14.5
 12:16:00 AM,C,8.5
 4:31:00 AM,C,6.5
 8:46:00 AM,C,14.5
 1:01:00 PM,C,38.5
 5:16:00 PM,C,30.0
 9:31:00 PM,C,12.0
 1:46:00 AM,C,9.5
 6:01:00 AM,C,9.0
 10:16:00 AM,C,25.0
 2:31:00 PM,C,36.0
 6:46:00 PM,C,22.0
 11:01:00 PM,C,14.5
 3:16:00 AM,C,15.5
 7:31:00 AM,C,20.0
 11:46:00 AM,C,28.0
 4:01:00 PM,C,27.0
 8:16:00 PM,C,19.0
 12:31:00 AM,C,18.0
 4:46:00 AM,C,16.5
 9:01:00 AM,C,16.5
 1:16:00 PM,C,28.0
 5:31:00 PM,C,25.0
 9:46:00 PM,C,13.5
 2:01:00 AM,C,11.5
 6:16:00 AM,C,11.0
 10:31:00 AM,C,22.0
 2:46:00 PM,C,31.0
 7:01:00 PM,C,20.0
 11:16:00 PM,C,11.0
 3:31:00 AM,C,9.5
 7:46:00 AM,C,14.5
 12:01:00 PM,C,38.0
 4:16:00 PM,C,31.0
 8:31:00 PM,C,18.5
 12:46:00 AM,C,11.0
 5:01:00 AM,C,8.0
 9:16:00 AM,C,18.0
 1:31:00 PM,C,33.5
 5:46:00 PM,C,27.5
 10:01:00 PM,C,11.5
 2:16:00 AM,C,8.0
 6:31:00 AM,C,8.0
 10:46:00 AM,C,21.0
 3:01:00 PM,C,26.5
 7:16:00 PM,C,18.5
 11:31:00 PM,C,15.0
 3:46:00 AM,C,13.5
 8:01:00 AM,C,14.0
 12:16:00 PM,C,22.5
 4:31:00 PM,C,20.5
 8:46:00 PM,C,13.0
 1:01:00 AM,C,10.5
 5:16:00 AM,C,9.5
 9:31:00 AM,C,11.5
 1:46:00 PM,C,14.0
 6:01:00 PM,C,14.0
 10:16:00 PM,C,8.0
 2:31:00 AM,C,6.5
 6:46:00 AM,C,7.5
 11:01:00 AM,C,9.5
 3:16:00 PM,C,11.0
 7:31:00 PM,C,10.0
 11:46:00 PM,C,8.5
 4:01:00 AM,C,9.0
 8:16:00 AM,C,12.0
 12:31:00 PM,C,18.5
 4:46:00 PM,C,18.0
 9:01:00 PM,C,9.5
 1:16:00 AM,C,6.5
 5:31:00 AM,C,8.5
 9:46:00 AM,C,17.5
 2:01:00 PM,C,26.0
 6:16:00 PM,C,18.0
 10:31:00 PM,C,12.0
 2:46:00 AM,C,10.0
 7:01:00 AM,C,10.0
 11:16:00 AM,C,34.5
 3:31:00 PM,C,30.5
 7:46:00 PM,C,18.0
 12:01:00 AM,C,12.5
 4:16:00 AM,C,12.0
 8:31:00 AM,C,17.5
 12:46:00 PM,C,38.0
 5:01:00 PM,C,32.0
 9:16:00 PM,C,15.0
 1:31:00 AM,C,11.0
 5:46:00 AM,C,10.5
 10:01:00 AM,C,24.5
 2:16:00 PM,C,34.0
 6:31:00 PM,C,22.5
 10:46:00 PM,C,12.5
 3:01:00 AM,C,11.0
 7:16:00 AM,C,12.0
 11:31:00 AM,C,33.0
 3:46:00 PM,C,31.0
 8:01:00 PM,C,17.0
 12:16:00 AM,C,11.5
 4:31:00 AM,C,9.0
 8:46:00 AM,C,17.0
 1:01:00 PM,C,29.5
 5:16:00 PM,C,25.5
 9:31:00 PM,C,14.0
 1:46:00 AM,C,13.0
 6:01:00 AM,C,12.0
 10:16:00 AM,C,16.5
 2:31:00 PM,C,17.0
 6:46:00 PM,C,14.0
 11:01:00 PM,C,11.5
 3:16:00 AM,C,8.5
 7:31:00 AM,C,8.5
 11:46:00 AM,C,16.0
 4:01:00 PM,C,14.5
 8:16:00 PM,C,8.0
 12:31:00 AM,C,4.5
 4:46:00 AM,C,7.0
 9:01:00 AM,C,12.0
 1:16:00 PM,C,30.5
 5:31:00 PM,C,18.5
 9:46:00 PM,C,9.5
 2:01:00 AM,C,8.0
 6:16:00 AM,C,6.5
 10:31:00 AM,C,19.0
 2:46:00 PM,C,18.5
 7:01:00 PM,C,13.0
 11:16:00 PM,C,11.0
 3:31:00 AM,C,8.0
 7:46:00 AM,C,11.5
 12:01:00 PM,C,14.0
 4:16:00 PM,C,15.5
 8:31:00 PM,C,10.5
 12:46:00 AM,C,10.0
 5:01:00 AM,C,9.5
 9:16:00 AM,C,11.0
 1:31:00 PM,C,14.0
 5:46:00 PM,C,12.5
 10:01:00 PM,C,10.5
 2:16:00 AM,C,9.5
 6:31:00 AM,C,8.5
 10:46:00 AM,C,10.5
 3:01:00 PM,C,10.0
 7:16:00 PM,C,7.0
 11:31:00 PM,C,2.0
 3:46:00 AM,C,5.0
 8:01:00 AM,C,7.0
 12:16:00 PM,C,11.0
 4:31:00 PM,C,12.5
 8:46:00 PM,C,4.0
 1:01:00 AM,C,1.0
 5:16:00 AM,C,1.0
 9:31:00 AM,C,9.5
 1:46:00 PM,C,23.0
 6:01:00 PM,C,11.0
 10:16:00 PM,C,5.0
 2:31:00 AM,C,4.0
 6:46:00 AM,C,4.0
 11:01:00 AM,C,25.5
 3:16:00 PM,C,21.5
 7:31:00 PM,C,11.5
 11:46:00 PM,C,7.5
 4:01:00 AM,C,8.0
 8:16:00 AM,C,11.5
 12:31:00 PM,C,14.5
 4:46:00 PM,C,11.0
 9:01:00 PM,C,10.0
 1:16:00 AM,C,8.5
 5:31:00 AM,C,7.5
 9:46:00 AM,C,9.0
 2:01:00 PM,C,14.5
 6:16:00 PM,C,12.0
 10:31:00 PM,C,4.0
 2:46:00 AM,C,1.5
 7:01:00 AM,C,2.0
 11:16:00 AM,C,26.0
 3:31:00 PM,C,21.5
 7:46:00 PM,C,10.5
 12:01:00 AM,C,5.0
 4:16:00 AM,C,4.0
 8:31:00 AM,C,9.5
 12:46:00 PM,C,31.5
 5:01:00 PM,C,20.5
 9:16:00 PM,C,7.5
 1:31:00 AM,C,6.0
 5:46:00 AM,C,8.5
 10:01:00 AM,C,11.5
 2:16:00 PM,C,17.5
 6:31:00 PM,C,6.5
 10:46:00 PM,C,5.0
 3:01:00 AM,C,4.0
 7:16:00 AM,C,4.5
 11:31:00 AM,C,6.5
 3:46:00 PM,C,9.5
 8:01:00 PM,C,5.0
 12:16:00 AM,C,-0.5
 4:31:00 AM,C,-1.5
 8:46:00 AM,C,4.5
 1:01:00 PM,C,17.5
 5:16:00 PM,C,16.5
 9:31:00 PM,C,3.5
 1:46:00 AM,C,1.5
 6:01:00 AM,C,1.5
 10:16:00 AM,C,14.0
 2:31:00 PM,C,19.5
 6:46:00 PM,C,13.5
 11:01:00 PM,C,4.5
 3:16:00 AM,C,3.0
 7:31:00 AM,C,4.0
 11:46:00 AM,C,26.0
 4:01:00 PM,C,19.0
 8:16:00 PM,C,10.5
 12:31:00 AM,C,4.5
 4:46:00 AM,C,3.0
 9:01:00 AM,C,15.0
 1:16:00 PM,C,19.0
 5:31:00 PM,C,14.5
 9:46:00 PM,C,11.5
 2:01:00 AM,C,11.5
 6:16:00 AM,C,11.5
 10:31:00 AM,C,13.5
 2:46:00 PM,C,19.5
 7:01:00 PM,C,11.5
 11:16:00 PM,C,10.0
 3:31:00 AM,C,8.5
 7:46:00 AM,C,10.5
 12:01:00 PM,C,29.5
 4:16:00 PM,C,16.5
 8:31:00 PM,C,7.5
 12:46:00 AM,C,4.5
 5:01:00 AM,C,4.5
 9:16:00 AM,C,14.5
 1:31:00 PM,C,30.0
 5:46:00 PM,C,15.0
 10:01:00 PM,C,9.5
 2:16:00 AM,C,12.5
 6:31:00 AM,C,10.0
 10:46:00 AM,C,19.0
 3:01:00 PM,C,18.0
 7:16:00 PM,C,12.5
 11:31:00 PM,C,8.0
 3:46:00 AM,C,7.5
 8:01:00 AM,C,9.5
 12:16:00 PM,C,34.5
 4:31:00 PM,C,21.0
 8:46:00 PM,C,9.5
 1:01:00 AM,C,6.5
 5:16:00 AM,C,5.5
 9:31:00 AM,C,15.0
 1:46:00 PM,C,15.0
 6:01:00 PM,C,13.5
 10:16:00 PM,C,9.5
 2:31:00 AM,C,9.5
 6:46:00 AM,C,9.0
 11:01:00 AM,C,14.5
 3:16:00 PM,C,13.0
 7:31:00 PM,C,11.0
 11:46:00 PM,C,9.5
 4:01:00 AM,C,10.0
 8:16:00 AM,C,11.0
 12:31:00 PM,C,12.5
 4:46:00 PM,C,12.5
 9:01:00 PM,C,7.0
 1:16:00 AM,C,1.0
 5:31:00 AM,C,1.0
 9:46:00 AM,C,10.0
 2:01:00 PM,C,15.0
 6:16:00 PM,C,9.0
 10:31:00 PM,C,3.5
 2:46:00 AM,C,1.5
 7:01:00 AM,C,2.5
 11:16:00 AM,C,12.5
 3:31:00 PM,C,9.0
 7:46:00 PM,C,8.5
 12:01:00 AM,C,8.0
 4:16:00 AM,C,2.0
 8:31:00 AM,C,5.5
 12:46:00 PM,C,17.0
 5:01:00 PM,C,8.5
 9:16:00 PM,C,1.0
 1:31:00 AM,C,-1.5
 5:46:00 AM,C,-2.5
 10:01:00 AM,C,6.5
 2:16:00 PM,C,17.5
 6:31:00 PM,C,8.5
 10:46:00 PM,C,5.5
 3:01:00 AM,C,8.5
 7:16:00 AM,C,5.0
 11:31:00 AM,C,6.5
 3:46:00 PM,C,8.5
 8:01:00 PM,C,11.5
 12:16:00 AM,C,7.5
 4:31:00 AM,C,7.5
 8:46:00 AM,C,6.5
 1:01:00 PM,C,9.0
 5:16:00 PM,C,9.5
 9:31:00 PM,C,5.5
 1:46:00 AM,C,5.0
 6:01:00 AM,C,4.0
 10:16:00 AM,C,6.5
 2:31:00 PM,C,6.5
 6:46:00 PM,C,6.5
 11:01:00 PM,C,5.5
 3:16:00 AM,C,5.5
 7:31:00 AM,C,5.0
 11:46:00 AM,C,13.0
 4:01:00 PM,C,12.0
 8:16:00 PM,C,3.0
 12:31:00 AM,C,1.5
 4:46:00 AM,C,0.5
 9:01:00 AM,C,8.5
 1:16:00 PM,C,31.0
 5:31:00 PM,C,11.5
 9:46:00 PM,C,8.0
 2:01:00 AM,C,6.0
 6:16:00 AM,C,7.0
 10:31:00 AM,C,11.5
 2:46:00 PM,C,11.5
 7:01:00 PM,C,8.0
 11:16:00 PM,C,6.0
 3:31:00 AM,C,2.5
 7:46:00 AM,C,3.5
 12:01:00 PM,C,23.5
 4:16:00 PM,C,15.5
 8:31:00 PM,C,6.0
 12:46:00 AM,C,4.0
 5:01:00 AM,C,4.0
 9:16:00 AM,C,11.5
 1:31:00 PM,C,27.0
 5:46:00 PM,C,12.5
 10:01:00 PM,C,7.5
 2:16:00 AM,C,6.5
 6:31:00 AM,C,5.0
 10:46:00 AM,C,28.5
 3:01:00 PM,C,21.0
 7:16:00 PM,C,9.5
 11:31:00 PM,C,8.0
 3:46:00 AM,C,7.0
 8:01:00 AM,C,10.5
 12:16:00 PM,C,10.0
 4:31:00 PM,C,9.5
 8:46:00 PM,C,10.0
 1:01:00 AM,C,9.5
 5:16:00 AM,C,7.0
 9:31:00 AM,C,6.0
 1:46:00 PM,C,8.5
 6:01:00 PM,C,6.0
 10:16:00 PM,C,4.5
 2:31:00 AM,C,4.0
 6:46:00 AM,C,4.5
 11:01:00 AM,C,7.5
 3:16:00 PM,C,6.0
 7:31:00 PM,C,4.0
 11:46:00 PM,C,3.0
 4:01:00 AM,C,2.5
 8:16:00 AM,C,3.5
 12:31:00 PM,C,4.5
 4:46:00 PM,C,5.5
 9:01:00 PM,C,6.5
 1:16:00 AM,C,8.0
 5:31:00 AM,C,9.5
 9:46:00 AM,C,7.0
 2:01:00 PM,C,5.0
 6:16:00 PM,C,5.5
 10:31:00 PM,C,4.5
 2:46:00 AM,C,4.0
 7:01:00 AM,C,0.5
 11:16:00 AM,C,18.0
 3:31:00 PM,C,13.0
 7:46:00 PM,C,4.0
 12:01:00 AM,C,1.5
 4:16:00 AM,C,2.5
 8:31:00 AM,C,6.0
 12:46:00 PM,C,16.5
 5:01:00 PM,C,11.5
 9:16:00 PM,C,6.0
 1:31:00 AM,C,6.0
 5:46:00 AM,C,6.0
 10:01:00 AM,C,8.0
 2:16:00 PM,C,10.0
 6:31:00 PM,C,4.5
 10:46:00 PM,C,4.5
 3:01:00 AM,C,2.0
 7:16:00 AM,C,3.0
 11:31:00 AM,C,23.0
 3:46:00 PM,C,12.0
 8:01:00 PM,C,3.5
 12:16:00 AM,C,6.0
 4:31:00 AM,C,7.0
 8:46:00 AM,C,5.5
 1:01:00 PM,C,6.5
 5:16:00 PM,C,4.0
 9:31:00 PM,C,2.0
 1:46:00 AM,C,1.5
 6:01:00 AM,C,0.0
 10:16:00 AM,C,1.5
 2:31:00 PM,C,7.5
 6:46:00 PM,C,1.0
 11:01:00 PM,C,0.0
 3:16:00 AM,C,0.0
 7:31:00 AM,C,-0.5
 11:46:00 AM,C,8.5
 4:01:00 PM,C,6.5
 8:16:00 PM,C,-2.0
 12:31:00 AM,C,-3.0
 4:46:00 AM,C,-2.5
 9:01:00 AM,C,2.5
 1:16:00 PM,C,15.0
 5:31:00 PM,C,5.0
 9:46:00 PM,C,-2.0
 2:01:00 AM,C,-3.5
 6:16:00 AM,C,-0.5
 10:31:00 AM,C,4.5
 2:46:00 PM,C,5.0
 7:01:00 PM,C,3.5
 11:16:00 PM,C,3.5
 3:31:00 AM,C,2.5
 7:46:00 AM,C,1.0
 12:01:00 PM,C,7.5
 4:16:00 PM,C,2.0
 8:31:00 PM,C,0.0
 12:46:00 AM,C,-1.0
 5:01:00 AM,C,-2.0
 9:16:00 AM,C,-0.5
 1:31:00 PM,C,6.5
 5:46:00 PM,C,2.0
 10:01:00 PM,C,-3.5
 2:16:00 AM,C,-4.5
 6:31:00 AM,C,-2.0
 10:46:00 AM,C,3.5
 3:01:00 PM,C,7.0
 7:16:00 PM,C,0.0
 11:31:00 PM,C,0.0
 3:46:00 AM,C,0.0
 8:01:00 AM,C,-1.0
 12:16:00 PM,C,5.0
 4:31:00 PM,C,0.5
 8:46:00 PM,C,0.0
 1:01:00 AM,C,0.0
 5:16:00 AM,C,0.0
 9:31:00 AM,C,0.5
 1:46:00 PM,C,4.5
 6:01:00 PM,C,2.0
 10:16:00 PM,C,2.0
 2:31:00 AM,C,3.0
 6:46:00 AM,C,2.5
 11:01:00 AM,C,5.0
 3:16:00 PM,C,5.0
 7:31:00 PM,C,3.5
 11:46:00 PM,C,3.5
 4:01:00 AM,C,3.5
 8:16:00 AM,C,4.5
 12:31:00 PM,C,7.5
 4:46:00 PM,C,9.0
 9:01:00 PM,C,6.0
 1:16:00 AM,C,5.5
 5:31:00 AM,C,5.5
 9:46:00 AM,C,7.0
 2:01:00 PM,C,12.0
 6:16:00 PM,C,6.5
 10:31:00 PM,C,5.5
 2:46:00 AM,C,5.0
 7:01:00 AM,C,4.5
 11:16:00 AM,C,7.0
 3:31:00 PM,C,7.5
 7:46:00 PM,C,5.0
 12:01:00 AM,C,0.0
 4:16:00 AM,C,-1.5
 8:31:00 AM,C,0.5
 12:46:00 PM,C,16.5
 5:01:00 PM,C,8.5
 9:16:00 PM,C,3.0
 1:31:00 AM,C,3.5
 5:46:00 AM,C,6.0
 10:01:00 AM,C,5.5
 2:16:00 PM,C,4.5
 6:31:00 PM,C,4.0
 10:46:00 PM,C,3.5
 3:01:00 AM,C,1.0
 7:16:00 AM,C,2.5
 11:31:00 AM,C,9.0
 3:46:00 PM,C,12.0
 8:01:00 PM,C,6.5
 12:16:00 AM,C,6.5
 4:31:00 AM,C,5.5
 8:46:00 AM,C,5.0
 1:01:00 PM,C,6.5
 5:16:00 PM,C,6.0
 9:31:00 PM,C,2.0
 1:46:00 AM,C,2.0
 6:01:00 AM,C,2.0
 10:16:00 AM,C,3.0
 2:31:00 PM,C,4.5
 6:46:00 PM,C,4.0
 11:01:00 PM,C,3.0
 3:16:00 AM,C,2.5
 7:31:00 AM,C,3.5
 11:46:00 AM,C,4.5
 4:01:00 PM,C,2.5
 8:16:00 PM,C,2.5
 12:31:00 AM,C,2.5
 4:46:00 AM,C,2.0
 9:01:00 AM,C,2.0
 1:16:00 PM,C,3.0
 5:31:00 PM,C,0.0
 9:46:00 PM,C,0.0
 2:01:00 AM,C,0.0
 6:16:00 AM,C,0.0
 10:31:00 AM,C,0.5
 2:46:00 PM,C,2.5
 7:01:00 PM,C,1.5
 11:16:00 PM,C,1.0
 3:31:00 AM,C,0.5
 7:46:00 AM,C,1.0
 12:01:00 PM,C,4.0
 4:16:00 PM,C,4.0
 8:31:00 PM,C,2.0
 12:46:00 AM,C,0.5
 5:01:00 AM,C,0.0
 9:16:00 AM,C,6.0
 1:31:00 PM,C,7.5
 5:46:00 PM,C,6.0
 10:01:00 PM,C,3.5
 2:16:00 AM,C,2.5
 6:31:00 AM,C,1.5
 10:46:00 AM,C,5.5
 3:01:00 PM,C,2.5
 7:16:00 PM,C,-2.5
 11:31:00 PM,C,-3.5
 3:46:00 AM,C,-5.0
 8:01:00 AM,C,-5.5
 12:16:00 PM,C,17.0
 4:31:00 PM,C,-0.5
 8:46:00 PM,C,-3.5
 1:01:00 AM,C,-4.5
 4:16:00 AM,C,-5.0
 8:31:00 AM,C,-1.0
 12:46:00 PM,C,12.0
 5:01:00 PM,C,-1.5
 9:16:00 PM,C,-3.0
 1:31:00 AM,C,-2.5
 5:46:00 AM,C,-3.5
 10:01:00 AM,C,15.0
 2:16:00 PM,C,6.5
 6:31:00 PM,C,3.5
 10:46:00 PM,C,3.5
 3:01:00 AM,C,2.0
 7:16:00 AM,C,0.5
 11:31:00 AM,C,6.0
 3:46:00 PM,C,3.0
 8:01:00 PM,C,1.0
 12:16:00 AM,C,3.0
 4:31:00 AM,C,4.0
 8:46:00 AM,C,5.5
 1:01:00 PM,C,7.0
 5:16:00 PM,C,6.0
 9:31:00 PM,C,7.0
 1:46:00 AM,C,7.0
 6:01:00 AM,C,6.5
 10:16:00 AM,C,5.0
 2:31:00 PM,C,6.0
 6:46:00 PM,C,3.5
 11:01:00 PM,C,2.0
 3:16:00 AM,C,1.5
 7:31:00 AM,C,0.5
 11:46:00 AM,C,1.0
 4:01:00 PM,C,0.5
 8:16:00 PM,C,-1.0
 12:31:00 AM,C,-1.0
 4:46:00 AM,C,-0.5
 9:01:00 AM,C,-0.5
 1:16:00 PM,C,0.0
 5:31:00 PM,C,-0.5
 9:46:00 PM,C,-1.0
 2:01:00 AM,C,-1.0
 6:16:00 AM,C,-1.0
 10:31:00 AM,C,0.0
 2:46:00 PM,C,-0.5
 7:01:00 PM,C,-1.0
 11:16:00 PM,C,-1.0
 3:31:00 AM,C,-1.0
 7:46:00 AM,C,-1.5
 12:01:00 PM,C,0.5
 4:16:00 PM,C,-1.5
 8:31:00 PM,C,-1.5
 12:46:00 AM,C,0.0
 5:01:00 AM,C,0.0
 9:16:00 AM,C,-1.0
 1:31:00 PM,C,0.0
 5:46:00 PM,C,0.0
 10:01:00 PM,C,0.0
 2:16:00 AM,C,-0.5
 6:31:00 AM,C,-0.5
 10:46:00 AM,C,0.0
 3:01:00 PM,C,0.0
 7:16:00 PM,C,0.0
 11:31:00 PM,C,-0.5
 3:46:00 AM,C,0.0
 8:01:00 AM,C,0.0
 12:16:00 PM,C,0.0
 4:31:00 PM,C,0.0
 8:46:00 PM,C,1.5
 1:01:00 AM,C,2.5
 5:16:00 AM,C,3.5
 9:31:00 AM,C,3.5
 1:46:00 PM,C,1.5
 6:01:00 PM,C,2.0
 10:16:00 PM,C,-0.5
 2:31:00 AM,C,-0.5
 6:46:00 AM,C,-1.0
 11:01:00 AM,C,2.0
 3:16:00 PM,C,0.0
 7:31:00 PM,C,0.0
 11:46:00 PM,C,2.0
 4:01:00 AM,C,4.5
 8:16:00 AM,C,6.5
 12:31:00 PM,C,8.0
 4:46:00 PM,C,8.0
 9:01:00 PM,C,7.0
 1:16:00 AM,C,5.5
 5:31:00 AM,C,3.5
 9:46:00 AM,C,4.5
 2:01:00 PM,C,0.0
 6:16:00 PM,C,-1.0
 10:31:00 PM,C,-2.5
 2:46:00 AM,C,-3.0
 7:01:00 AM,C,-2.0
 11:16:00 AM,C,3.0
 3:31:00 PM,C,-0.5
 7:46:00 PM,C,-8.0
 12:01:00 AM,C,-9.5
 4:16:00 AM,C,-10.0
 8:31:00 AM,C,-7.5
 12:46:00 PM,C,3.5
 5:01:00 PM,C,-4.0
 9:16:00 PM,C,-4.5
 1:31:00 AM,C,-3.5
 5:46:00 AM,C,-2.5
 10:01:00 AM,C,0.0
 2:16:00 PM,C,0.0
 6:31:00 PM,C,0.0
 10:46:00 PM,C,0.0
 3:01:00 AM,C,0.0
 7:16:00 AM,C,0.0
 11:31:00 AM,C,1.0
 3:46:00 PM,C,0.0
 8:01:00 PM,C,-3.0
 12:16:00 AM,C,-3.0
 4:31:00 AM,C,-2.5
 8:46:00 AM,C,-1.0
 1:01:00 PM,C,2.0
 5:16:00 PM,C,-1.0
 9:31:00 PM,C,-2.0
 1:46:00 AM,C,-2.0
 6:01:00 AM,C,-4.0
 10:16:00 AM,C,3.0
 2:31:00 PM,C,1.5
 6:46:00 PM,C,-1.5
 11:01:00 PM,C,-2.5
 3:16:00 AM,C,-3.5
 7:31:00 AM,C,-3.5
 11:46:00 AM,C,1.5
 4:01:00 PM,C,0.0
 8:16:00 PM,C,0.0
 12:31:00 AM,C,0.0
 4:46:00 AM,C,0.0
 9:01:00 AM,C,0.0
 1:16:00 PM,C,1.0
 5:31:00 PM,C,-1.5
 9:46:00 PM,C,-2.0
 2:01:00 AM,C,-4.5
 6:16:00 AM,C,-6.5
 10:31:00 AM,C,0.5
 2:46:00 PM,C,0.0
 7:01:00 PM,C,-1.5
 11:16:00 PM,C,-1.0
 3:31:00 AM,C,-0.5
 7:46:00 AM,C,0.0
 12:01:00 PM,C,0.0
 4:16:00 PM,C,0.0
 8:31:00 PM,C,0.0
 12:46:00 AM,C,0.0
 5:01:00 AM,C,1.0
 9:16:00 AM,C,2.0
 1:31:00 PM,C,2.5
 5:46:00 PM,C,-0.5
 10:01:00 PM,C,0.0
 2:16:00 AM,C,0.5
 6:31:00 AM,C,0.5
 10:46:00 AM,C,2.0
 3:01:00 PM,C,1.5
 7:16:00 PM,C,2.5
 11:31:00 PM,C,3.5
 3:46:00 AM,C,3.0
 8:01:00 AM,C,3.5
 12:16:00 PM,C,4.0
 4:31:00 PM,C,1.5
 8:46:00 PM,C,4.5
 1:01:00 AM,C,1.5
 5:16:00 AM,C,1.5
 9:31:00 AM,C,11.5
 1:46:00 PM,C,4.0
 6:01:00 PM,C,1.5
 10:16:00 PM,C,3.0
 2:31:00 AM,C,3.0
 6:46:00 AM,C,1.5
 11:01:00 AM,C,1.0
 3:16:00 PM,C,1.5
 7:31:00 PM,C,1.5
 11:46:00 PM,C,2.0
 4:01:00 AM,C,4.5
 8:16:00 AM,C,2.0
 12:31:00 PM,C,3.0
 4:46:00 PM,C,2.5
 9:01:00 PM,C,4.0
 1:16:00 AM,C,0.5
 5:31:00 AM,C,1.0
 9:46:00 AM,C,1.0
 2:01:00 PM,C,1.0
 6:16:00 PM,C,-2.5
 10:31:00 PM,C,-5.5
 2:46:00 AM,C,-7.0
 7:01:00 AM,C,-7.5
 11:16:00 AM,C,-1.0
 3:31:00 PM,C,-1.5
 7:46:00 PM,C,-3.5
 12:01:00 AM,C,-3.0
 4:16:00 AM,C,-2.5
 8:31:00 AM,C,-2.0
 12:46:00 PM,C,-0.5
 5:01:00 PM,C,-3.5
 9:16:00 PM,C,-5.5
 1:31:00 AM,C,-4.5
 5:46:00 AM,C,-8.0
 10:01:00 AM,C,2.5
 2:16:00 PM,C,-4.5
 6:31:00 PM,C,-5.5
 10:46:00 PM,C,-5.0
 3:01:00 AM,C,-5.0
 7:16:00 AM,C,-4.0
 11:31:00 AM,C,-0.5
 3:46:00 PM,C,-1.0
 8:01:00 PM,C,-0.5
 12:16:00 AM,C,0.0
 4:31:00 AM,C,0.0
 8:46:00 AM,C,0.0
 1:01:00 PM,C,2.0
 5:16:00 PM,C,0.0
 9:31:00 PM,C,1.0
 1:46:00 AM,C,0.5
 6:01:00 AM,C,0.0
 10:16:00 AM,C,-0.5
 2:31:00 PM,C,-1.5
 6:46:00 PM,C,-3.5
 11:01:00 PM,C,-3.5
 3:16:00 AM,C,-3.5
 7:31:00 AM,C,-3.5
 11:46:00 AM,C,-2.5
 4:01:00 PM,C,-2.5
 8:16:00 PM,C,-4.0
 12:31:00 AM,C,-6.5
 4:46:00 AM,C,-5.5
 9:01:00 AM,C,-5.0
 1:16:00 PM,C,-3.5
 5:31:00 PM,C,-3.0
 9:46:00 PM,C,-2.5
 2:01:00 AM,C,-2.0
 6:16:00 AM,C,-2.0
 10:31:00 AM,C,-1.5
 2:46:00 PM,C,-1.5
 7:01:00 PM,C,-1.5
 11:16:00 PM,C,-1.5
 3:31:00 AM,C,-1.0
 7:46:00 AM,C,-1.0
 12:01:00 PM,C,-1.5
 4:16:00 PM,C,-1.5
 8:31:00 PM,C,-1.5
 12:46:00 AM,C,-1.5
 5:01:00 AM,C,-1.5
 9:16:00 AM,C,-1.5
 1:31:00 PM,C,-1.5
 5:46:00 PM,C,-1.5
 10:01:00 PM,C,-1.5
 2:16:00 AM,C,-1.5
 6:31:00 AM,C,-1.5
 10:46:00 AM,C,-1.5
 3:01:00 PM,C,-1.5
 7:16:00 PM,C,-1.5
 11:31:00 PM,C,-1.5
 3:46:00 AM,C,-1.5
 8:01:00 AM,C,-1.5
 12:16:00 PM,C,-1.5
 4:31:00 PM,C,-1.5
 8:46:00 PM,C,-1.5
 1:01:00 AM,C,-1.5
 5:16:00 AM,C,-1.5
 9:31:00 AM,C,-1.5
 1:46:00 PM,C,-1.5
 6:01:00 PM,C,-1.5
 10:16:00 PM,C,-1.5
 2:31:00 AM,C,-1.5
 6:46:00 AM,C,-1.5
 11:01:00 AM,C,-1.5
 3:16:00 PM,C,-2.0
 7:31:00 PM,C,-2.0
 11:46:00 PM,C,-2.0
 4:01:00 AM,C,-2.0
 8:16:00 AM,C,-2.0
 12:31:00 PM,C,-2.0
 4:46:00 PM,C,-2.0
 9:01:00 PM,C,-2.0
 1:16:00 AM,C,-2.0
 5:31:00 AM,C,-2.0
 9:46:00 AM,C,-1.5
 2:01:00 PM,C,-1.5
 6:16:00 PM,C,-1.5
 10:31:00 PM,C,-1.5
 2:46:00 AM,C,-1.5
 7:01:00 AM,C,-1.5
 11:16:00 AM,C,-1.0
 3:31:00 PM,C,-1.0
 7:46:00 PM,C,-1.0
 12:01:00 AM,C,-1.0
 4:16:00 AM,C,-1.0
 8:31:00 AM,C,-1.0
 12:46:00 PM,C,-1.0
 5:01:00 PM,C,-1.0
 9:16:00 PM,C,-1.0
 1:31:00 AM,C,-1.0
 5:46:00 AM,C,-1.0
 10:01:00 AM,C,-0.5
 2:16:00 PM,C,-1.0
 6:31:00 PM,C,-0.5
 10:46:00 PM,C,-1.0
 3:01:00 AM,C,-0.5
 7:16:00 AM,C,-0.5
 11:31:00 AM,C,-0.5
 3:46:00 PM,C,-0.5
 8:01:00 PM,C,-0.5
 12:16:00 AM,C,-0.5
 4:31:00 AM,C,-0.5
 8:46:00 AM,C,-0.5
 1:01:00 PM,C,-0.5
 5:16:00 PM,C,-0.5
 9:31:00 PM,C,-0.5
 1:46:00 AM,C,-0.5
 6:01:00 AM,C,-0.5
 10:16:00 AM,C,-0.5
 2:31:00 PM,C,-0.5
 6:46:00 PM,C,-0.5
 11:01:00 PM,C,-0.5
 3:16:00 AM,C,-0.5
 7:31:00 AM,C,-0.5
 11:46:00 AM,C,-0.5
 4:01:00 PM,C,-0.5
 8:16:00 PM,C,-0.5
 12:31:00 AM,C,-0.5
 4:46:00 AM,C,-0.5
 9:01:00 AM,C,-0.5
 1:16:00 PM,C,-0.5
 5:31:00 PM,C,-0.5
 9:46:00 PM,C,-0.5
 2:01:00 AM,C,-0.5
 6:16:00 AM,C,-0.5
 10:31:00 AM,C,-0.5
 2:46:00 PM,C,-0.5
 7:01:00 PM,C,-0.5
 11:16:00 PM,C,-0.5
 3:31:00 AM,C,-0.5
 7:46:00 AM,C,-0.5
 12:01:00 PM,C,-0.5
 4:16:00 PM,C,-0.5
 8:31:00 PM,C,-0.5
 12:46:00 AM,C,-0.5
 5:01:00 AM,C,-0.5
 9:16:00 AM,C,-0.5
 1:31:00 PM,C,-0.5
 5:46:00 PM,C,-0.5
 10:01:00 PM,C,-0.5
 2:16:00 AM,C,-0.5
 6:31:00 AM,C,-0.5
 10:46:00 AM,C,-0.5
 3:01:00 PM,C,-0.5
 7:16:00 PM,C,-0.5
 11:31:00 PM,C,-0.5
 3:46:00 AM,C,-0.5
 8:01:00 AM,C,-0.5
 12:16:00 PM,C,-0.5
 4:31:00 PM,C,-0.5
 8:46:00 PM,C,-0.5
 1:01:00 AM,C,-0.5
 5:16:00 AM,C,-0.5
 9:31:00 AM,C,-0.5
 1:46:00 PM,C,-0.5
 6:01:00 PM,C,-0.5
 10:16:00 PM,C,-0.5
 2:31:00 AM,C,-0.5
 6:46:00 AM,C,-0.5
 11:01:00 AM,C,-0.5
 3:16:00 PM,C,-0.5
 7:31:00 PM,C,-0.5
 11:46:00 PM,C,-1.0
 4:01:00 AM,C,-1.0
 8:16:00 AM,C,-1.0
 12:31:00 PM,C,-1.0
 4:46:00 PM,C,-1.0
 9:01:00 PM,C,-1.0
 1:16:00 AM,C,-1.0
 5:31:00 AM,C,-1.0
 9:46:00 AM,C,-1.0
 2:01:00 PM,C,-1.0
 6:16:00 PM,C,-1.0
 10:31:00 PM,C,-1.0
 2:46:00 AM,C,-1.0
 7:01:00 AM,C,-1.0
 11:16:00 AM,C,-1.0
 3:31:00 PM,C,-1.0
 7:46:00 PM,C,-1.0
 12:01:00 AM,C,-1.0
 4:16:00 AM,C,-1.0
 8:31:00 AM,C,-1.0
 12:46:00 PM,C,-1.0
 5:01:00 PM,C,-1.0
 9:16:00 PM,C,-1.0
 1:31:00 AM,C,-1.0
 5:46:00 AM,C,-1.0
 10:01:00 AM,C,-1.0
 2:16:00 PM,C,-1.0
 6:31:00 PM,C,-1.0
 10:46:00 PM,C,-1.0
 3:01:00 AM,C,-1.0
 7:16:00 AM,C,-1.0
 11:31:00 AM,C,-0.5
 3:46:00 PM,C,-0.5
 8:01:00 PM,C,-0.5
 12:16:00 AM,C,-0.5
 4:31:00 AM,C,-0.5
 8:46:00 AM,C,-0.5
 1:01:00 PM,C,-0.5
 5:16:00 PM,C,-0.5
 9:31:00 PM,C,-0.5
 1:46:00 AM,C,-0.5
 6:01:00 AM,C,-0.5
 10:16:00 AM,C,-0.5
 2:31:00 PM,C,-0.5
 6:46:00 PM,C,-0.5
 11:01:00 PM,C,-0.5
 3:16:00 AM,C,-0.5
 7:31:00 AM,C,-0.5
 11:46:00 AM,C,-0.5
 4:01:00 PM,C,-0.5
 8:16:00 PM,C,-0.5
 12:31:00 AM,C,-0.5
 4:46:00 AM,C,-0.5
 9:01:00 AM,C,-0.5
 1:16:00 PM,C,-0.5
 5:31:00 PM,C,-0.5
 9:46:00 PM,C,-0.5
 2:01:00 AM,C,-0.5
 6:16:00 AM,C,-0.5
 10:31:00 AM,C,-0.5
 2:46:00 PM,C,-0.5
 7:01:00 PM,C,-0.5
 11:16:00 PM,C,0.0
 3:31:00 AM,C,0.0
 7:46:00 AM,C,0.0
 12:01:00 PM,C,0.0
 4:16:00 PM,C,0.0
 8:31:00 PM,C,0.0
 12:46:00 AM,C,0.0
 5:01:00 AM,C,0.0
 9:16:00 AM,C,0.0
 1:31:00 PM,C,0.0
 5:46:00 PM,C,0.0
 10:01:00 PM,C,0.0
 2:16:00 AM,C,0.0
 6:31:00 AM,C,0.0
 10:46:00 AM,C,0.0
 3:01:00 PM,C,0.0
 7:16:00 PM,C,0.0
 11:31:00 PM,C,0.0
 3:46:00 AM,C,0.0
 8:01:00 AM,C,0.0
 12:16:00 PM,C,0.0
 4:31:00 PM,C,0.0
 8:46:00 PM,C,0.0
 1:01:00 AM,C,0.0
 5:16:00 AM,C,0.0
 9:31:00 AM,C,0.0
 1:46:00 PM,C,0.0
 6:01:00 PM,C,0.0
 10:16:00 PM,C,0.0
 2:31:00 AM,C,0.0
 6:46:00 AM,C,0.0
 11:01:00 AM,C,0.0
 3:16:00 PM,C,0.0
 7:31:00 PM,C,0.0
 11:46:00 PM,C,0.0
 4:01:00 AM,C,0.0
 8:16:00 AM,C,0.0
 12:31:00 PM,C,0.0
 4:46:00 PM,C,0.0
 9:01:00 PM,C,0.0
 1:16:00 AM,C,0.0
 5:31:00 AM,C,0.0
 9:46:00 AM,C,0.0
 2:01:00 PM,C,0.0
 6:16:00 PM,C,0.0
 10:31:00 PM,C,0.0
 2:46:00 AM,C,0.0
 7:01:00 AM,C,0.0
 11:16:00 AM,C,0.0
 3:31:00 PM,C,0.0
 7:46:00 PM,C,0.0
 12:01:00 AM,C,0.0
 4:16:00 AM,C,0.0
 8:31:00 AM,C,0.0
 12:46:00 PM,C,0.0
 5:01:00 PM,C,0.0
 9:16:00 PM,C,0.0
 1:31:00 AM,C,0.0
 5:46:00 AM,C,0.0
 10:01:00 AM,C,0.0
 2:16:00 PM,C,0.0
 6:31:00 PM,C,0.0
 10:46:00 PM,C,0.0
 3:01:00 AM,C,0.0
 7:16:00 AM,C,0.0
 11:31:00 AM,C,0.0
 3:46:00 PM,C,0.0
 8:01:00 PM,C,0.0
 12:16:00 AM,C,0.0
 4:31:00 AM,C,0.0
 8:46:00 AM,C,0.0
 1:01:00 PM,C,0.0
 5:16:00 PM,C,0.0
 9:31:00 PM,C,0.0
 1:46:00 AM,C,0.0
 6:01:00 AM,C,0.0
 10:16:00 AM,C,0.0
 2:31:00 PM,C,0.0
 6:46:00 PM,C,0.0
 11:01:00 PM,C,0.0
 3:16:00 AM,C,0.0
 7:31:00 AM,C,0.0
 11:46:00 AM,C,0.0
 4:01:00 PM,C,0.0
 8:16:00 PM,C,0.0
 12:31:00 AM,C,0.0
 4:46:00 AM,C,0.0
 9:01:00 AM,C,0.0
 1:16:00 PM,C,0.0
 5:31:00 PM,C,0.0
 9:46:00 PM,C,0.0
 2:01:00 AM,C,0.0
 6:16:00 AM,C,0.0
 10:31:00 AM,C,0.0
 2:46:00 PM,C,0.0
 7:01:00 PM,C,0.0
 11:16:00 PM,C,0.0
 3:31:00 AM,C,0.0
 7:46:00 AM,C,0.0
 12:01:00 PM,C,0.0
 4:16:00 PM,C,0.0
 8:31:00 PM,C,0.0
 12:46:00 AM,C,0.0
 5:01:00 AM,C,0.0
 9:16:00 AM,C,0.0
 1:31:00 PM,C,0.0
 5:46:00 PM,C,0.0
 10:01:00 PM,C,0.0
 2:16:00 AM,C,0.0
 6:31:00 AM,C,0.0
 10:46:00 AM,C,0.0
 3:01:00 PM,C,0.0
 7:16:00 PM,C,0.0
 11:31:00 PM,C,0.0
 3:46:00 AM,C,0.0
 8:01:00 AM,C,0.0
 12:16:00 PM,C,0.0
 4:31:00 PM,C,0.0
 8:46:00 PM,C,0.0
 1:01:00 AM,C,0.0
 5:16:00 AM,C,0.0
 9:31:00 AM,C,0.0
 1:46:00 PM,C,0.0
 6:01:00 PM,C,0.0
 10:16:00 PM,C,0.0
 2:31:00 AM,C,0.0
 6:46:00 AM,C,0.0
 11:01:00 AM,C,0.0
 3:16:00 PM,C,0.0
 7:31:00 PM,C,0.0
 11:46:00 PM,C,0.0
 4:01:00 AM,C,0.0
 8:16:00 AM,C,0.0
 12:31:00 PM,C,0.0
 4:46:00 PM,C,0.0
 9:01:00 PM,C,0.0
 1:16:00 AM,C,0.0
 5:31:00 AM,C,0.0
 9:46:00 AM,C,0.0
 2:01:00 PM,C,0.0
 6:16:00 PM,C,0.0
 10:31:00 PM,C,0.0
 2:46:00 AM,C,0.0
 7:01:00 AM,C,0.0
 11:16:00 AM,C,0.0
 3:31:00 PM,C,0.0
 7:46:00 PM,C,0.0
 12:01:00 AM,C,0.0
 4:16:00 AM,C,0.0
 8:31:00 AM,C,0.0
 12:46:00 PM,C,0.0
 5:01:00 PM,C,0.0
 9:16:00 PM,C,0.0
 1:31:00 AM,C,0.0
 5:46:00 AM,C,0.0
 10:01:00 AM,C,0.0
 2:16:00 PM,C,0.0
 6:31:00 PM,C,0.0
 10:46:00 PM,C,0.0
 3:01:00 AM,C,0.0
 7:16:00 AM,C,0.0
 11:31:00 AM,C,0.0
 3:46:00 PM,C,0.0
 8:01:00 PM,C,0.0
 12:16:00 AM,C,0.0
 4:31:00 AM,C,0.0
 8:46:00 AM,C,0.0
 1:01:00 PM,C,0.0
 5:16:00 PM,C,0.0
 9:31:00 PM,C,0.0
 1:46:00 AM,C,0.0
 6:01:00 AM,C,0.0
 10:16:00 AM,C,0.0
 2:31:00 PM,C,0.0
 6:46:00 PM,C,0.0
 11:01:00 PM,C,0.0
 3:16:00 AM,C,0.0
 7:31:00 AM,C,0.0
 11:46:00 AM,C,0.0
 4:01:00 PM,C,0.0
 8:16:00 PM,C,0.0
 12:31:00 AM,C,0.0
 4:46:00 AM,C,0.0
 9:01:00 AM,C,0.0
 1:16:00 PM,C,0.0
 5:31:00 PM,C,0.0
 9:46:00 PM,C,0.0
 2:01:00 AM,C,0.0
 6:16:00 AM,C,0.0
 10:31:00 AM,C,0.0
 2:46:00 PM,C,0.0
 7:01:00 PM,C,0.0
 11:16:00 PM,C,0.0
 3:31:00 AM,C,0.0
 7:46:00 AM,C,0.0
 12:01:00 PM,C,0.0
 4:16:00 PM,C,0.0
 8:31:00 PM,C,0.0
 12:46:00 AM,C,0.0
 5:01:00 AM,C,0.0
 9:16:00 AM,C,0.0
 1:31:00 PM,C,0.0
 5:46:00 PM,C,0.0
 10:01:00 PM,C,0.0
 2:16:00 AM,C,0.0
 6:31:00 AM,C,0.0
 10:46:00 AM,C,0.0
 3:01:00 PM,C,0.0
 7:16:00 PM,C,0.0
 11:31:00 PM,C,0.0
 3:46:00 AM,C,0.0
 8:01:00 AM,C,0.0
 12:16:00 PM,C,0.0
 4:31:00 PM,C,0.0
 8:46:00 PM,C,0.0
 1:01:00 AM,C,0.0
 5:16:00 AM,C,0.0
 9:31:00 AM,C,0.0
 1:46:00 PM,C,0.0
 6:01:00 PM,C,0.0
 10:16:00 PM,C,0.0
 2:31:00 AM,C,0.0
 6:46:00 AM,C,0.0
 11:01:00 AM,C,0.0
 3:16:00 PM,C,0.0
 7:31:00 PM,C,0.0
 11:46:00 PM,C,0.0
 4:01:00 AM,C,0.0
 8:16:00 AM,C,0.0
 12:31:00 PM,C,0.0
 4:46:00 PM,C,0.0
 9:01:00 PM,C,0.0
 1:16:00 AM,C,0.0
 5:31:00 AM,C,0.0
 9:46:00 AM,C,0.0
 2:01:00 PM,C,0.0
 6:16:00 PM,C,0.0
 10:31:00 PM,C,0.0
 2:46:00 AM,C,0.0
 7:01:00 AM,C,0.0
 11:16:00 AM,C,0.0
 3:31:00 PM,C,0.0
 7:46:00 PM,C,0.0
 12:01:00 AM,C,0.0
 4:16:00 AM,C,0.0
 8:31:00 AM,C,0.0
 12:46:00 PM,C,0.0
 5:01:00 PM,C,0.0
 9:16:00 PM,C,0.0
 1:31:00 AM,C,0.0
 5:46:00 AM,C,0.0
 10:01:00 AM,C,0.0
 2:16:00 PM,C,0.0
 6:31:00 PM,C,0.0
 10:46:00 PM,C,0.0
 3:01:00 AM,C,0.0
 7:16:00 AM,C,0.0
 11:31:00 AM,C,0.0
 3:46:00 PM,C,0.0
 8:01:00 PM,C,0.0
 12:16:00 AM,C,0.0
 4:31:00 AM,C,0.0
 8:46:00 AM,C,0.0
 1:01:00 PM,C,0.0
 5:16:00 PM,C,0.0
 9:31:00 PM,C,0.0
 1:46:00 AM,C,0.0
 6:01:00 AM,C,0.0
 10:16:00 AM,C,0.0
 2:31:00 PM,C,0.0
 6:46:00 PM,C,0.0
 11:01:00 PM,C,0.0
 3:16:00 AM,C,0.0
 7:31:00 AM,C,0.0
 11:46:00 AM,C,0.0
 4:01:00 PM,C,0.0
 8:16:00 PM,C,0.0
 12:31:00 AM,C,0.0
 4:46:00 AM,C,0.0
 9:01:00 AM,C,0.0
 1:16:00 PM,C,0.0
 5:31:00 PM,C,0.0
 9:46:00 PM,C,0.0
 2:01:00 AM,C,0.0
 6:16:00 AM,C,0.0
 10:31:00 AM,C,0.0
 2:46:00 PM,C,0.0
 7:01:00 PM,C,0.0
 11:16:00 PM,C,0.0
 3:31:00 AM,C,0.0
 7:46:00 AM,C,0.0
 12:01:00 PM,C,0.0
 4:16:00 PM,C,0.0
 8:31:00 PM,C,0.0
 12:46:00 AM,C,0.0
 5:01:00 AM,C,0.0
 9:16:00 AM,C,0.0
 1:31:00 PM,C,0.0
 5:46:00 PM,C,0.0
 10:01:00 PM,C,0.0
 2:16:00 AM,C,0.0
 6:31:00 AM,C,0.0
 10:46:00 AM,C,0.0
 3:01:00 PM,C,0.0
 7:16:00 PM,C,0.0
 11:31:00 PM,C,0.0
 3:46:00 AM,C,0.0
 8:01:00 AM,C,0.0
 12:16:00 PM,C,0.0
 4:31:00 PM,C,0.0
 8:46:00 PM,C,0.0
 1:01:00 AM,C,0.0
 5:16:00 AM,C,0.0
 9:31:00 AM,C,0.0
 1:46:00 PM,C,0.0
 6:01:00 PM,C,0.0
 10:16:00 PM,C,0.0
 2:31:00 AM,C,0.0
 6:46:00 AM,C,0.0
 11:01:00 AM,C,0.0
 3:16:00 PM,C,0.0
 7:31:00 PM,C,0.0
 11:46:00 PM,C,0.0
 4:01:00 AM,C,0.0
 8:16:00 AM,C,0.0
 12:31:00 PM,C,0.0
 4:46:00 PM,C,0.0
 9:01:00 PM,C,0.0
 1:16:00 AM,C,0.0
 5:31:00 AM,C,0.0
 9:46:00 AM,C,0.0
 2:01:00 PM,C,0.0
 6:16:00 PM,C,0.0
 10:31:00 PM,C,0.0
 2:46:00 AM,C,0.0
 7:01:00 AM,C,0.0
 11:16:00 AM,C,0.0
 3:31:00 PM,C,0.0
 7:46:00 PM,C,0.0
 12:01:00 AM,C,0.0
 4:16:00 AM,C,0.0
 8:31:00 AM,C,0.0
 12:46:00 PM,C,0.0
 5:01:00 PM,C,0.0
 9:16:00 PM,C,0.0
 1:31:00 AM,C,0.0
 5:46:00 AM,C,0.0
 10:01:00 AM,C,0.0
 2:16:00 PM,C,0.0
 6:31:00 PM,C,0.0
 10:46:00 PM,C,0.0
 3:01:00 AM,C,0.0
 7:16:00 AM,C,0.0
 11:31:00 AM,C,0.0
 3:46:00 PM,C,0.0
 8:01:00 PM,C,0.0
 12:16:00 AM,C,0.0
 4:31:00 AM,C,0.0
 8:46:00 AM,C,0.0
 1:01:00 PM,C,0.0
 5:16:00 PM,C,0.0
 9:31:00 PM,C,0.0
 1:46:00 AM,C,0.0
 6:01:00 AM,C,0.0
 10:16:00 AM,C,0.0
 2:31:00 PM,C,0.0
 6:46:00 PM,C,0.0
 11:01:00 PM,C,0.0
 3:16:00 AM,C,0.0
 7:31:00 AM,C,0.0
 11:46:00 AM,C,0.0
 4:01:00 PM,C,0.0
 8:16:00 PM,C,0.0
 12:31:00 AM,C,0.0
 4:46:00 AM,C,0.0
 9:01:00 AM,C,0.0
 1:16:00 PM,C,0.0
 5:31:00 PM,C,0.0
 9:46:00 PM,C,0.0
 2:01:00 AM,C,0.0
 6:16:00 AM,C,0.0
 10:31:00 AM,C,0.0
 2:46:00 PM,C,0.0
 7:01:00 PM,C,0.0
 11:16:00 PM,C,0.0
 3:31:00 AM,C,0.0
 7:46:00 AM,C,0.0
 12:01:00 PM,C,0.0
 4:16:00 PM,C,0.0
 8:31:00 PM,C,0.0
 12:46:00 AM,C,0.0
 5:01:00 AM,C,0.0
 9:16:00 AM,C,0.0
 1:31:00 PM,C,0.0
 5:46:00 PM,C,0.0
 10:01:00 PM,C,0.0
 2:16:00 AM,C,0.0
 6:31:00 AM,C,0.0
 10:46:00 AM,C,0.0
 3:01:00 PM,C,0.0
 7:16:00 PM,C,0.0
 11:31:00 PM,C,0.0
 4:46:00 AM,C,0.0
 9:01:00 AM,C,0.0
 1:16:00 PM,C,0.0
 5:31:00 PM,C,0.0
 9:46:00 PM,C,0.0
 2:01:00 AM,C,0.0
 6:16:00 AM,C,0.0
 10:31:00 AM,C,0.0
 2:46:00 PM,C,0.0
 7:01:00 PM,C,0.0
 11:16:00 PM,C,0.0
 3:31:00 AM,C,0.0
 7:46:00 AM,C,0.0
 12:01:00 PM,C,0.0
 4:16:00 PM,C,0.0
 8:31:00 PM,C,0.0
 12:46:00 AM,C,0.0
 5:01:00 AM,C,0.0
 9:16:00 AM,C,0.0
 1:31:00 PM,C,0.0
 5:46:00 PM,C,0.0
 10:01:00 PM,C,0.0
 2:16:00 AM,C,0.0
 6:31:00 AM,C,0.0
 10:46:00 AM,C,0.0
 3:01:00 PM,C,0.0
 7:16:00 PM,C,0.0
 11:31:00 PM,C,0.0
 3:46:00 AM,C,0.0
 8:01:00 AM,C,0.0
 12:16:00 PM,C,0.0
 4:31:00 PM,C,0.0
 8:46:00 PM,C,0.0
 1:01:00 AM,C,0.0
 5:16:00 AM,C,0.0
 9:31:00 AM,C,0.0
 1:46:00 PM,C,0.0
 6:01:00 PM,C,0.0
 10:16:00 PM,C,0.0
 2:31:00 AM,C,0.0
 6:46:00 AM,C,0.0
 11:01:00 AM,C,0.0
 3:16:00 PM,C,0.0
 7:31:00 PM,C,0.0
 11:46:00 PM,C,0.0
 4:01:00 AM,C,0.0
 8:16:00 AM,C,0.0
 12:31:00 PM,C,0.0
 4:46:00 PM,C,0.0
 9:01:00 PM,C,0.0
 1:16:00 AM,C,0.0
 5:31:00 AM,C,0.0
 9:46:00 AM,C,0.0
 2:01:00 PM,C,0.0
 6:16:00 PM,C,0.0
 10:31:00 PM,C,0.0
 2:46:00 AM,C,0.0
 7:01:00 AM,C,0.0
 11:16:00 AM,C,0.0
 3:31:00 PM,C,0.0
 7:46:00 PM,C,0.0
 12:01:00 AM,C,0.0
 4:16:00 AM,C,0.0
 8:31:00 AM,C,0.0
 12:46:00 PM,C,0.0
 5:01:00 PM,C,0.0
 9:16:00 PM,C,0.0
 1:31:00 AM,C,0.0
 5:46:00 AM,C,0.0
 10:01:00 AM,C,0.0
 2:16:00 PM,C,0.0
 6:31:00 PM,C,0.0
 10:46:00 PM,C,0.0
 3:01:00 AM,C,0.0
 7:16:00 AM,C,0.0
 11:31:00 AM,C,0.0
 3:46:00 PM,C,0.0
 8:01:00 PM,C,0.0
 12:16:00 AM,C,0.0
 4:31:00 AM,C,0.0
 8:46:00 AM,C,0.0
 1:01:00 PM,C,0.0
 5:16:00 PM,C,0.0
 9:31:00 PM,C,0.0
 1:46:00 AM,C,0.0
 6:01:00 AM,C,0.0
 10:16:00 AM,C,0.0
 2:31:00 PM,C,0.0
 6:46:00 PM,C,0.0
 11:01:00 PM,C,0.0
 3:16:00 AM,C,0.0
 7:31:00 AM,C,0.0
 11:46:00 AM,C,0.0
 4:01:00 PM,C,0.0
 8:16:00 PM,C,0.0
 12:31:00 AM,C,0.0
 4:46:00 AM,C,0.0
 9:01:00 AM,C,0.0
 1:16:00 PM,C,0.0
 5:31:00 PM,C,0.0
 9:46:00 PM,C,0.0
 2:01:00 AM,C,0.0
 6:16:00 AM,C,0.0
 10:31:00 AM,C,0.0
 2:46:00 PM,C,0.0
 7:01:00 PM,C,0.0
 11:16:00 PM,C,0.0
 3:31:00 AM,C,0.0
 7:46:00 AM,C,0.0
 12:01:00 PM,C,0.0
 4:16:00 PM,C,0.0
 8:31:00 PM,C,0.0
 12:46:00 AM,C,0.0
 5:01:00 AM,C,0.0
 9:16:00 AM,C,0.0
 1:31:00 PM,C,0.0
 5:46:00 PM,C,0.0
 10:01:00 PM,C,0.0
 2:16:00 AM,C,0.0
 6:31:00 AM,C,0.0
 10:46:00 AM,C,0.0
 3:01:00 PM,C,0.0
 7:16:00 PM,C,0.0
 11:31:00 PM,C,0.0
 3:46:00 AM,C,0.0
 8:01:00 AM,C,0.0
 12:16:00 PM,C,0.0
 4:31:00 PM,C,0.0
 8:46:00 PM,C,0.0
 1:01:00 AM,C,0.0
 5:16:00 AM,C,0.0
 9:31:00 AM,C,0.0
 1:46:00 PM,C,0.0
 6:01:00 PM,C,0.0
 10:16:00 PM,C,0.0
 2:31:00 AM,C,0.0
 6:46:00 AM,C,0.0
 11:01:00 AM,C,0.0
 3:16:00 PM,C,0.0
 7:31:00 PM,C,0.0
 11:46:00 PM,C,0.0
 4:01:00 AM,C,0.0
 8:16:00 AM,C,0.0
 12:31:00 PM,C,0.0
 4:46:00 PM,C,0.0
 9:01:00 PM,C,0.0
 1:16:00 AM,C,0.0
 5:31:00 AM,C,0.0
 9:46:00 AM,C,0.0
 2:01:00 PM,C,0.0
 6:16:00 PM,C,0.0
 10:31:00 PM,C,0.0
 2:46:00 AM,C,0.0
 7:01:00 AM,C,0.0
 11:16:00 AM,C,0.0
 3:31:00 PM,C,0.0
 7:46:00 PM,C,0.0
 12:01:00 AM,C,0.0
 4:16:00 AM,C,0.0
 8:31:00 AM,C,0.0
 12:46:00 PM,C,0.0
 5:01:00 PM,C,0.0
 9:16:00 PM,C,0.0
 1:31:00 AM,C,0.0
 5:46:00 AM,C,0.0
 10:01:00 AM,C,0.0
 2:16:00 PM,C,0.0
 6:31:00 PM,C,0.0
 10:46:00 PM,C,0.0
 3:01:00 AM,C,0.0
 7:16:00 AM,C,0.0
 11:31:00 AM,C,0.0
 3:46:00 PM,C,0.0
 8:01:00 PM,C,0.0
 12:16:00 AM,C,0.0
 4:31:00 AM,C,0.0
 8:46:00 AM,C,0.0
 1:01:00 PM,C,0.0
 5:16:00 PM,C,0.0
 9:31:00 PM,C,0.0
 1:46:00 AM,C,0.0
 6:01:00 AM,C,0.0
 10:16:00 AM,C,0.0
 2:31:00 PM,C,0.0
 6:46:00 PM,C,0.0
 11:01:00 PM,C,0.0
 3:16:00 AM,C,0.0
 7:31:00 AM,C,0.0
 11:46:00 AM,C,0.0
 4:01:00 PM,C,0.0
 8:16:00 PM,C,0.0
 12:31:00 AM,C,0.0
 4:46:00 AM,C,0.0
 9:01:00 AM,C,0.0
 1:16:00 PM,C,0.0
 5:31:00 PM,C,0.0
 9:46:00 PM,C,0.0
 2:01:00 AM,C,0.0
 6:16:00 AM,C,0.0
 10:31:00 AM,C,0.0
 2:46:00 PM,C,0.0
 7:01:00 PM,C,0.0
 11:16:00 PM,C,0.0
 3:31:00 AM,C,0.0
 7:46:00 AM,C,0.0
 12:01:00 PM,C,0.0
 4:16:00 PM,C,0.0
 8:31:00 PM,C,0.0
 12:46:00 AM,C,0.0
 5:01:00 AM,C,0.0
 9:16:00 AM,C,0.0
 1:31:00 PM,C,0.0
 5:46:00 PM,C,0.0
 10:01:00 PM,C,0.0
 2:16:00 AM,C,0.0
 6:31:00 AM,C,0.0
 10:46:00 AM,C,0.0
 3:01:00 PM,C,0.0
 7:16:00 PM,C,0.0
 11:31:00 PM,C,0.0
 3:46:00 AM,C,0.0
 8:01:00 AM,C,0.0
 12:16:00 PM,C,0.0
 4:31:00 PM,C,0.0
 8:46:00 PM,C,0.0
 1:01:00 AM,C,0.0
 5:16:00 AM,C,0.0
 9:31:00 AM,C,0.0
 1:46:00 PM,C,0.0
 6:01:00 PM,C,0.0
 10:16:00 PM,C,0.0
 2:31:00 AM,C,0.0
 6:46:00 AM,C,0.0
 11:01:00 AM,C,0.0
 3:16:00 PM,C,0.0
 7:31:00 PM,C,0.0
 11:46:00 PM,C,0.0
 4:01:00 AM,C,0.0
 8:16:00 AM,C,0.0
 12:31:00 PM,C,0.0
 4:46:00 PM,C,0.0
 9:01:00 PM,C,0.0
 1:16:00 AM,C,0.0
 5:31:00 AM,C,0.0
 9:46:00 AM,C,0.0
 2:01:00 PM,C,0.0
 6:16:00 PM,C,0.0
 10:31:00 PM,C,0.0
 2:46:00 AM,C,0.0
 7:01:00 AM,C,0.0
 11:16:00 AM,C,0.0
 3:31:00 PM,C,0.0
 7:46:00 PM,C,0.0
 12:01:00 AM,C,0.0
 4:16:00 AM,C,0.0
 8:31:00 AM,C,0.0
 12:46:00 PM,C,0.0
 5:01:00 PM,C,0.0
 9:16:00 PM,C,0.0
 1:31:00 AM,C,0.0
 5:46:00 AM,C,0.0
 10:01:00 AM,C,0.0
 2:16:00 PM,C,0.0
 6:31:00 PM,C,0.0
 10:46:00 PM,C,0.0
 3:01:00 AM,C,0.0
 7:16:00 AM,C,0.0
 11:31:00 AM,C,0.0
 3:46:00 PM,C,0.0
 8:01:00 PM,C,0.0
 12:16:00 AM,C,0.0
 4:31:00 AM,C,0.0
 8:46:00 AM,C,0.0
 1:01:00 PM,C,0.0
 5:16:00 PM,C,0.0
 9:31:00 PM,C,0.0
 1:46:00 AM,C,0.0
 6:01:00 AM,C,0.0
 10:16:00 AM,C,0.0
 2:31:00 PM,C,0.0
 6:46:00 PM,C,0.0
 11:01:00 PM,C,0.0
 3:16:00 AM,C,0.0
 7:31:00 AM,C,0.0
 11:46:00 AM,C,0.0
 4:01:00 PM,C,0.0
 8:16:00 PM,C,0.0
 12:31:00 AM,C,0.0
 4:46:00 AM,C,0.0
 9:01:00 AM,C,0.0
 1:16:00 PM,C,0.0
 5:31:00 PM,C,0.0
 9:46:00 PM,C,0.0
 2:01:00 AM,C,0.0
 6:16:00 AM,C,0.0
 10:31:00 AM,C,0.0
 2:46:00 PM,C,0.0
 7:01:00 PM,C,0.0
 11:16:00 PM,C,0.0
 3:31:00 AM,C,0.0
 7:46:00 AM,C,0.0
 12:01:00 PM,C,0.0
 4:16:00 PM,C,0.0
 8:31:00 PM,C,0.0
 12:46:00 AM,C,0.0
 5:01:00 AM,C,0.0
 9:16:00 AM,C,0.0
 1:31:00 PM,C,0.0
 5:46:00 PM,C,0.0
 10:01:00 PM,C,0.0
 2:16:00 AM,C,0.0
 6:31:00 AM,C,0.0
 10:46:00 AM,C,0.0
 3:01:00 PM,C,0.0
 7:16:00 PM,C,0.0
 11:31:00 PM,C,0.0
 3:46:00 AM,C,0.0
 8:01:00 AM,C,0.0
 12:16:00 PM,C,0.0
 4:31:00 PM,C,0.0
 8:46:00 PM,C,0.0
 1:01:00 AM,C,0.0
 5:16:00 AM,C,0.0
 9:31:00 AM,C,0.0
 1:46:00 PM,C,0.0
 6:01:00 PM,C,0.0
 10:16:00 PM,C,0.0
 2:31:00 AM,C,0.0
 6:46:00 AM,C,0.0
 11:01:00 AM,C,0.0
 3:16:00 PM,C,0.0
 7:31:00 PM,C,0.0
 11:46:00 PM,C,0.0
 4:01:00 AM,C,0.0
 8:16:00 AM,C,0.0
 12:31:00 PM,C,0.0
 4:46:00 PM,C,0.0
 9:01:00 PM,C,0.0
 1:16:00 AM,C,0.0
 5:31:00 AM,C,0.0
 9:46:00 AM,C,0.0
 2:01:00 PM,C,0.0
 6:16:00 PM,C,0.0
 10:31:00 PM,C,0.0
 2:46:00 AM,C,0.0
 7:01:00 AM,C,0.0
 11:16:00 AM,C,0.0
 3:31:00 PM,C,0.0
 7:46:00 PM,C,0.0
 12:01:00 AM,C,0.0
 4:16:00 AM,C,0.0
 8:31:00 AM,C,0.0
 12:46:00 PM,C,0.0
 5:01:00 PM,C,0.0
 9:16:00 PM,C,0.0
 1:31:00 AM,C,0.0
 5:46:00 AM,C,0.0
 10:01:00 AM,C,0.0
 2:16:00 PM,C,0.0
 6:31:00 PM,C,0.0
 10:46:00 PM,C,0.0
 3:01:00 AM,C,0.0
 7:16:00 AM,C,0.0
 11:31:00 AM,C,0.0
 3:46:00 PM,C,0.0
 8:01:00 PM,C,0.0
 12:16:00 AM,C,0.0
 4:31:00 AM,C,0.0
 8:46:00 AM,C,0.0
 1:01:00 PM,C,0.0
 5:16:00 PM,C,0.0
 9:31:00 PM,C,0.0
 1:46:00 AM,C,0.0
 6:01:00 AM,C,0.0
 10:16:00 AM,C,0.0
 2:31:00 PM,C,0.0
 6:46:00 PM,C,0.0
 11:01:00 PM,C,0.0
 3:16:00 AM,C,0.0
 7:31:00 AM,C,0.0
 11:46:00 AM,C,0.0
 4:01:00 PM,C,0.0
 8:16:00 PM,C,0.0
 12:31:00 AM,C,0.0
 4:46:00 AM,C,0.0
 9:01:00 AM,C,0.0
 1:16:00 PM,C,0.0
 5:31:00 PM,C,0.0
 9:46:00 PM,C,0.0
 2:01:00 AM,C,0.0
 6:16:00 AM,C,0.0
 10:31:00 AM,C,0.0
 2:46:00 PM,C,0.0
 7:01:00 PM,C,0.0
 11:16:00 PM,C,0.0
 3:31:00 AM,C,0.0
 7:46:00 AM,C,0.0
 12:01:00 PM,C,0.5
 4:16:00 PM,C,0.5
 8:31:00 PM,C,0.5
 12:46:00 AM,C,0.0
 5:01:00 AM,C,0.0
 9:16:00 AM,C,1.0
 1:31:00 PM,C,4.0
 5:46:00 PM,C,3.5
 10:01:00 PM,C,0.0
 2:16:00 AM,C,-1.0
 6:31:00 AM,C,-1.0
 10:46:00 AM,C,3.0
 3:01:00 PM,C,18.0
 7:16:00 PM,C,3.5
 11:31:00 PM,C,1.5
 3:46:00 AM,C,1.0
 8:01:00 AM,C,2.0
 12:16:00 PM,C,10.0
 4:31:00 PM,C,16.0
 8:46:00 PM,C,1.5
 1:01:00 AM,C,0.5
 5:16:00 AM,C,0.5
 9:31:00 AM,C,2.0
 1:46:00 PM,C,2.5
 6:01:00 PM,C,2.0
 10:16:00 PM,C,1.5
 2:31:00 AM,C,1.5
 6:46:00 AM,C,1.5
 11:01:00 AM,C,10.0
 3:16:00 PM,C,6.5
 7:31:00 PM,C,2.0
 11:46:00 PM,C,1.0
 4:01:00 AM,C,1.0
 8:16:00 AM,C,5.5
 12:31:00 PM,C,18.0
 4:46:00 PM,C,15.0
 9:01:00 PM,C,1.5
 1:16:00 AM,C,1.0
 5:31:00 AM,C,1.0
 9:46:00 AM,C,4.5
 2:01:00 PM,C,11.0
 6:16:00 PM,C,6.5
 10:31:00 PM,C,1.5
 2:46:00 AM,C,1.0
 7:01:00 AM,C,2.5
 11:16:00 AM,C,5.0
 3:31:00 PM,C,4.5
 7:46:00 PM,C,2.0
 12:01:00 AM,C,2.0
 4:16:00 AM,C,0.5
 8:31:00 AM,C,3.5
 12:46:00 PM,C,5.5
 5:01:00 PM,C,2.5
 9:16:00 PM,C,1.0
 1:31:00 AM,C,0.5
 5:46:00 AM,C,0.5
 10:01:00 AM,C,8.0
 2:16:00 PM,C,12.0
 6:31:00 PM,C,3.0
 10:46:00 PM,C,1.0
 3:01:00 AM,C,1.0
 7:16:00 AM,C,2.0
 11:31:00 AM,C,7.0
 3:46:00 PM,C,13.0
 8:01:00 PM,C,3.0
 12:16:00 AM,C,0.5
 4:31:00 AM,C,0.0
 8:46:00 AM,C,4.5
 1:01:00 PM,C,11.0
 5:16:00 PM,C,3.0
 9:31:00 PM,C,1.5
 1:46:00 AM,C,1.0
 6:01:00 AM,C,1.0
 10:16:00 AM,C,3.0
 2:31:00 PM,C,8.0
 6:46:00 PM,C,6.0
 11:01:00 PM,C,1.5
 3:16:00 AM,C,4.0
 7:31:00 AM,C,2.5
 11:46:00 AM,C,8.0
 4:01:00 PM,C,10.5
 8:16:00 PM,C,2.5
 12:31:00 AM,C,1.5
 4:46:00 AM,C,1.0
 9:01:00 AM,C,3.5
 1:16:00 PM,C,9.0
 5:31:00 PM,C,9.0
 9:46:00 PM,C,2.0
 2:01:00 AM,C,1.0
 6:16:00 AM,C,1.5
 10:31:00 AM,C,11.5
 2:46:00 PM,C,13.0
 7:01:00 PM,C,3.0
 11:16:00 PM,C,2.0
 3:31:00 AM,C,2.5
 7:46:00 AM,C,3.0
 12:01:00 PM,C,17.0
 4:16:00 PM,C,18.0
 8:31:00 PM,C,2.5
 12:46:00 AM,C,0.0
 5:01:00 AM,C,2.0
 9:16:00 AM,C,8.0
 1:31:00 PM,C,15.0
 5:46:00 PM,C,14.5
 10:01:00 PM,C,2.0
 2:16:00 AM,C,-1.0
 6:31:00 AM,C,0.0
 10:46:00 AM,C,13.0
 3:01:00 PM,C,26.5
 7:16:00 PM,C,5.0
 11:31:00 PM,C,2.0
 3:46:00 AM,C,1.0
 8:01:00 AM,C,4.5
 12:16:00 PM,C,33.0
 4:31:00 PM,C,23.0
 8:46:00 PM,C,5.0
 1:01:00 AM,C,3.5
 5:16:00 AM,C,2.0
 9:31:00 AM,C,13.0
 1:46:00 PM,C,35.5
 6:01:00 PM,C,11.5
 10:16:00 PM,C,4.5
 2:31:00 AM,C,3.0
 6:46:00 AM,C,4.5
 11:01:00 AM,C,25.0
 3:16:00 PM,C,34.5
 7:31:00 PM,C,9.5
 11:46:00 PM,C,5.0
 4:01:00 AM,C,2.5
 8:16:00 AM,C,12.0
 12:31:00 PM,C,21.5
 4:46:00 PM,C,6.0
 9:01:00 PM,C,5.0
 1:16:00 AM,C,3.0
 5:31:00 AM,C,3.5
 9:46:00 AM,C,7.0
 2:01:00 PM,C,10.5
 6:16:00 PM,C,6.5
 10:31:00 PM,C,3.0
 2:46:00 AM,C,0.5
 7:01:00 AM,C,4.0
 11:16:00 AM,C,24.5
 3:31:00 PM,C,28.5
 7:46:00 PM,C,8.0
 12:01:00 AM,C,3.5
 4:16:00 AM,C,1.5
 8:31:00 AM,C,11.0
 12:46:00 PM,C,22.0
 5:01:00 PM,C,26.0
 9:16:00 PM,C,6.5
 1:31:00 AM,C,3.0
 5:46:00 AM,C,2.0
 10:01:00 AM,C,16.0
 2:16:00 PM,C,29.0
 6:31:00 PM,C,12.5
 10:46:00 PM,C,8.5
 3:01:00 AM,C,6.5
 7:16:00 AM,C,6.5
 11:31:00 AM,C,10.5
 3:46:00 PM,C,10.5
 8:01:00 PM,C,7.0
 12:16:00 AM,C,5.0
 4:31:00 AM,C,4.5
 8:46:00 AM,C,9.5
 1:01:00 PM,C,13.0
 5:16:00 PM,C,12.5
 9:31:00 PM,C,5.0
 1:46:00 AM,C,4.0
 6:01:00 AM,C,4.0
 10:16:00 AM,C,16.5
 2:31:00 PM,C,33.0
 6:46:00 PM,C,16.0
 11:01:00 PM,C,8.0
 3:16:00 AM,C,7.0
 7:31:00 AM,C,8.0
 11:46:00 AM,C,21.0
 4:01:00 PM,C,13.5
 8:16:00 PM,C,10.0
 12:31:00 AM,C,6.5
 4:46:00 AM,C,7.0
 9:01:00 AM,C,11.5
 1:16:00 PM,C,18.5
 5:31:00 PM,C,17.5
 9:46:00 PM,C,7.0
 2:01:00 AM,C,7.0
 6:16:00 AM,C,7.0
 10:31:00 AM,C,17.5
 2:46:00 PM,C,24.5
 7:01:00 PM,C,12.5
 11:16:00 PM,C,6.0
 3:31:00 AM,C,3.5
 7:46:00 AM,C,7.0
 12:01:00 PM,C,15.0
 4:16:00 PM,C,29.5
 8:31:00 PM,C,12.0
 12:46:00 AM,C,5.0
 5:01:00 AM,C,5.0
 9:16:00 AM,C,13.5
 1:31:00 PM,C,25.0
 5:46:00 PM,C,22.0
 10:01:00 PM,C,7.5
 2:16:00 AM,C,4.5
 6:31:00 AM,C,4.5
 10:46:00 AM,C,21.0
 3:01:00 PM,C,26.5
 7:16:00 PM,C,17.0
 11:31:00 PM,C,11.0
 3:46:00 AM,C,10.0
 8:01:00 AM,C,12.5
 12:16:00 PM,C,24.5
 4:31:00 PM,C,28.5
 8:46:00 PM,C,14.5
 1:01:00 AM,C,10.5
 5:16:00 AM,C,8.0
 9:31:00 AM,C,16.5
 1:46:00 PM,C,16.0
 6:01:00 PM,C,15.5
 10:16:00 PM,C,11.5
 2:31:00 AM,C,8.0
 6:46:00 AM,C,3.5
 11:01:00 AM,C,16.5
 3:16:00 PM,C,21.0
 7:31:00 PM,C,13.5
 11:46:00 PM,C,6.0
 4:01:00 AM,C,3.0
 8:16:00 AM,C,7.0
 12:31:00 PM,C,25.5
 4:46:00 PM,C,22.5
 9:01:00 PM,C,21.5
 1:16:00 AM,C,21.5
 5:31:00 AM,C,21.5
